id,title_slug,author_or_assignee,year,source_type,url,access,tier,observed_on
amat-mirra-200mm,mirra-cmp-200mm-product-page,applied-materials,na,vendor_spec,https://www.appliedmaterials.com/us/en/product-library/mirra-cmp-200mm.html,snippet-only,1,
amat-mirra-mesa-200mm,mirra-mesa-cmp-200mm-product-page,applied-materials,na,vendor_spec,https://www.appliedmaterials.com/en-in/products/mirra-mesa-cmp-200mm,snippet-only,1,
amat-pr-mirra-mesa,applied-materials-announces-new-mirra-mesa-system,applied-materials,na,press_release,https://ir.appliedmaterials.com/news-releases/news-release-details/applied-materials-announces-new-mirra-mesa-system-address-market/,snippet-only,4,
amat-pr-optical-endpoint,applied-materials-awarded-key-patent-for-cmp-endpoint-detection-technology,applied-materials,na,press_release,https://ir.appliedmaterials.com/news-releases/news-release-details/applied-materials-awarded-key-patent-cmp-endpoint-detection,snippet-only,4,
pat-us6244942,carrier-head-with-a-flexible-membrane-and-adjustable-edge-pressure,applied-materials,2001,patent,https://patents.justia.com/patent/6244942,snippet-only,1,
pat-us6450868,carrier-head-with-multi-part-flexible-membrane,applied-materials,2002,patent,https://patents.google.com/patent/US6450868,snippet-only,1,
pat-us6540594,carrier-head-with-a-flexible-membrane-for-a-chemical-mechanical-polishing-system,applied-materials,2003,patent,https://patents.google.com/patent/US6540594B2/en,snippet-only,1,
pat-us6537133,method-for-in-situ-endpoint-detection-for-chemical-mechanical-polishing-operations,applied-materials,2003,patent,https://image-ppubs.uspto.gov/dirsearch-public/print/downloadPdf/6537133,snippet-only,1,
pat-us6886387,brush-pressure-calibration-apparatus-and-method,assignee-unconfirmed,2005,patent,https://patents.google.com/patent/US6886387B1/en,snippet-only,1,
book-steigerwald-1997,chemical-mechanical-planarization-of-microelectronic-materials,steigerwald-murarka-gutmann,1997,book,https://www.wiley.com/en-us/Chemical+Mechanical+Planarization+of+Microelectronic+Materials-p-9783527617753,paywalled,2,
rev-zantye-2004,chemical-mechanical-planarization-for-microelectronics-applications,zantye-kumar-sikder,2004,review,http://www.eng.usf.edu/~kumar/Backup/Publications/selected_publications/Review_CMP.pdf,free-pdf,2,
ref-preston-1927,the-theory-and-design-of-plate-glass-polishing-machines,preston,1927,paper,na,not-retrieved,2,
jmr-2020-wafer-interface,a-review-on-chemical-and-mechanical-phenomena-at-the-wafer-interface-during-cmp,journal-of-materials-research,2020,review,https://link.springer.com/article/10.1557/s43578-020-00060-x,snippet-only,2,
intech-cmp-lubrication,lubrication-in-chemical-and-mechanical-planarization,intechopen,na,book_chapter,https://www.intechopen.com/chapters/52631,snippet-only,3,
thesis-lai-mit,characterization-and-optimization-of-the-cmp-process-chapter-2,lai-mit,na,thesis,https://web.mit.edu/cmp/publications/thesis/jiunyulai/ch2.pdf,free-pdf,3,
mit-boning-cu-damascene,pattern-and-process-dependencies-in-copper-damascene-cmp,boning-group-mit,na,conference,https://boning.mit.edu/wp-content/uploads/2022/11/Pattern-and-Process-Dependencies-in-Copper-Damascene-Chemical-Mechanical-Polishing-Processes.pdf,free-pdf,3,
ieee-profiler-contour-heads,process-stability-and-tool-capacity-improvement-with-150mm-profiler-and-200mm-contour-heads,ieee-conference-paper,na,conference,https://ieeexplore.ieee.org/document/7919822/,snippet-only,3,
nccavs-feeney-2012,back-to-the-future-of-cmp-non-uniformity,feeney,2012,presentation,https://nccavs-usergroups.avs.org/wp-content/uploads/CMPUG2012/cmp2012_7feeney.pdf,free-pdf,4,
sd-groove-width-mrt,effect-of-pad-groove-width-on-slurry-mean-residence-time-and-slurry-utilization-efficiency-in-cmp,microelectronic-engineering,na,paper,https://www.sciencedirect.com/science/article/abs/pii/S0167931716300788,paywalled,2,
sd-groove-flow-numerical,a-numerical-study-on-slurry-flow-with-cmp-pad-grooves,microelectronic-engineering,na,paper,https://www.sciencedirect.com/science/article/abs/pii/S0167931720302252,paywalled,2,
sd-w-cmp-oxidants,effects-of-oxidants-on-the-removal-of-tungsten-in-cmp-process,microelectronic-engineering,2004,paper,https://www.sciencedirect.com/science/article/abs/pii/S004316480400078X,paywalled,2,
iop-sti-cmp-review,shallow-trench-isolation-chemical-mechanical-planarization-a-review,ecs-journal-of-solid-state-science-and-technology,2015,review,https://iopscience.iop.org/article/10.1149/2.0071511jss,snippet-only,2,
sd-sti-selectivity,abrasive-and-additive-interactions-in-high-selectivity-sti-cmp-slurries,microelectronic-engineering,2013,paper,https://www.sciencedirect.com/science/article/abs/pii/S0167931713006266,paywalled,2,
entegris-pva-brush,post-cmp-clean-pva-brush-advancements,entegris,na,appnote,https://www.entegris.com/content/dam/product-assets/planarcorepvabrushes/appnote-planarcore-pva-brushes-5360.pdf,free-pdf,4,
rg-particle-adhesion,particle-adhesion-and-removal-mechanisms-in-post-cmp-cleaning-processes,ieee-transactions-on-semiconductor-manufacturing,na,paper,https://www.researchgate.net/publication/3283966_Particle_adhesion_and_removal_mechanisms_in_post-CMP_cleaning_processes,snippet-only,2,
springer-diamond-shape,effect-of-cmp-conditioner-diamond-shape-on-pad-topography-and-oxide-wafer-performances,int-j-adv-manuf-technol,2010,paper,https://link.springer.com/article/10.1007/s00170-010-3055-y,snippet-only,2,
sd-diamond-disc-conditioning,diamond-disc-pad-conditioning-a-surface-element-method-to-predict-pad-surface-shape,precision-engineering,na,paper,https://www.sciencedirect.com/science/article/abs/pii/S014163591100170X,paywalled,2,
ieee-dishing-model,an-analytical-dishing-and-step-height-reduction-model-for-cmp,ieee-transactions-on-semiconductor-manufacturing,na,paper,https://ieeexplore.ieee.org/document/1219496/,snippet-only,2,
mrs-density-stepheight,re-examining-the-physical-basis-of-pattern-density-and-step-height-cmp-models,mrs-proceedings,na,conference,https://link.springer.com/article/10.1557/PROC-767-F1.3,snippet-only,3,
sst-new-cmp-architecture,new-cmp-architecture-addresses-key-process-issues,solid-state-technology,na,trade_press,https://go.gale.com/ps/i.do?id=GALE%7CA17974893&sid=googleScholar&v=2.1&it=r&linkaccess=abs&issn=0038111X&p=AONE&sw=w,snippet-only,4,
entrepix-mirra,applied-materials-mirra-150mm-and-200mm-cmp-equipment,entrepix,na,vendor_page,https://www.entrepix.com/amat-mirra,snippet-only,4,
